timestamp_utc,source,status,item_count,error
2026-09-04 12:56:49 UTC,HF Daily Papers,ok,10,
2026-09-04 12:56:49 UTC,arXiv,empty,0,
2026-09-04 13:13:22 UTC,HF Daily Papers,ok,10,
2026-09-04 13:13:22 UTC,arXiv,ok,10,
2026-09-04 14:52:25 UTC,HF Daily Papers,ok,10,
2026-09-04 14:52:25 UTC,arXiv,ok,10,
2026-09-04 14:52:25 UTC,Hacker News,ok,1,
2026-09-04 14:52:25 UTC,Reddit,failed,1,403 Client Error: Blocked for url: https://www.reddit.com/r/MachineLearning/top.json?limit=10&t=day
2026-09-04 14:52:25 UTC,Lab Blogs,ok,15,
2026-09-04 14:52:25 UTC,GitHub Trending,ok,10,
2026-09-04 15:36:17 UTC,HF Daily Papers,ok,10,
2026-09-04 15:36:17 UTC,arXiv,ok,10,
2026-09-04 15:36:17 UTC,Hacker News,ok,1,
2026-09-04 15:36:17 UTC,Reddit,failed,1,403 Client Error: Blocked for url: https://www.reddit.com/r/MachineLearning/top.json?limit=10&t=day
2026-09-04 15:36:17 UTC,Lab Blogs,ok,30,partial failures: Perplexity (Discover Daily podcast): object has no attribute 'link'
2026-09-04 15:36:17 UTC,GitHub Trending,failed,1,403 Client Error: rate limit exceeded for url: https://api.github.com/search/repositories?q=topic%3Aartificial-intelligence+created%3A%3E2026-08-28&sort=stars&order=desc&per_page=10
2026-09-04 15:38:28 UTC,HF Daily Papers,ok,10,
2026-09-04 15:38:28 UTC,arXiv,ok,10,
2026-09-04 15:38:28 UTC,Hacker News,ok,1,
2026-09-04 15:38:28 UTC,Reddit,failed,1,403 Client Error: Blocked for url: https://www.reddit.com/r/MachineLearning/top.json?limit=10&t=day
2026-09-04 15:38:28 UTC,Lab Blogs,ok,30,partial failures: Perplexity (Discover Daily podcast): object has no attribute 'link'
2026-09-04 15:38:28 UTC,GitHub Trending,ok,10,
2026-09-04 15:56:56 UTC,HF Daily Papers,ok,10,
2026-09-04 15:56:56 UTC,arXiv,ok,10,
2026-09-04 15:56:56 UTC,Hacker News,ok,1,
2026-09-04 15:56:56 UTC,Reddit,failed,1,403 Client Error: Blocked for url: https://www.reddit.com/r/MachineLearning/top.json?limit=10&t=day
2026-09-04 15:56:56 UTC,Lab Blogs,ok,30,partial failures: Perplexity (Discover Daily podcast): object has no attribute 'link'
2026-09-04 15:56:56 UTC,GitHub Trending,ok,10,
2026-09-04 16:57:35 UTC,HF Daily Papers,ok,10,
2026-09-04 16:57:35 UTC,arXiv,ok,10,
2026-09-04 16:57:35 UTC,Hacker News,ok,1,
2026-09-04 16:57:35 UTC,Reddit,failed,1,403 Client Error: Blocked for url: https://www.reddit.com/r/MachineLearning/top.json?limit=10&t=day
2026-09-04 16:57:35 UTC,Lab Blogs,ok,30,partial failures: Perplexity (Discover Daily podcast): object has no attribute 'link'
2026-09-04 16:57:35 UTC,GitHub Trending,ok,10,
2026-09-04 17:10:34 UTC,HF Daily Papers,ok,10,
2026-09-04 17:10:34 UTC,arXiv,ok,10,
2026-09-04 17:10:34 UTC,Hacker News,ok,1,
2026-09-04 17:10:34 UTC,Reddit,failed,1,403 Client Error: Blocked for url: https://www.reddit.com/r/MachineLearning/top.json?limit=10&t=day
2026-09-04 17:10:34 UTC,Lab Blogs,ok,30,partial failures: Perplexity (Discover Daily podcast): object has no attribute 'link'
2026-09-04 17:10:34 UTC,GitHub Trending,ok,10,
2026-09-04 17:36:06 UTC,HF Daily Papers,ok,10,
2026-09-04 17:36:06 UTC,arXiv,ok,10,
2026-09-04 17:36:06 UTC,Hacker News,ok,1,
2026-09-04 17:36:06 UTC,Reddit,failed,1,403 Client Error: Blocked for url: https://www.reddit.com/r/MachineLearning/top.json?limit=10&t=day
2026-09-04 17:36:06 UTC,Lab Blogs,ok,30,partial failures: Perplexity (Discover Daily podcast): object has no attribute 'link'
2026-09-04 17:36:06 UTC,GitHub Trending,ok,10,
2026-09-04 18:23:02 UTC,HF Daily Papers,ok,20,
2026-09-04 18:23:02 UTC,arXiv,ok,10,
2026-09-04 18:23:02 UTC,Hacker News,ok,1,
2026-09-04 18:23:02 UTC,Reddit,failed,1,403 Client Error: Blocked for url: https://www.reddit.com/r/MachineLearning/top.json?limit=10&t=day
2026-09-04 18:23:02 UTC,Lab Blogs,ok,30,partial failures: Perplexity (Discover Daily podcast): object has no attribute 'link'
2026-09-04 18:23:02 UTC,GitHub Trending,ok,10,
2026-09-05 14:26:07 UTC,HF Daily Papers,ok,11,today: 0 items parsed; raw response keys: <class 'list'>
2026-09-05 14:26:07 UTC,arXiv,failed,1,"HTTPSConnectionPool(host='export.arxiv.org', port=443): Read timed out. (read timeout=20)"
2026-09-05 14:26:07 UTC,Hacker News,empty,0,
2026-09-05 14:26:07 UTC,Reddit,failed,1,403 Client Error: Blocked for url: https://www.reddit.com/r/MachineLearning/top.json?limit=10&t=day
2026-09-05 14:26:07 UTC,Lab Blogs,ok,30,partial failures: Perplexity (Discover Daily podcast): object has no attribute 'link'
2026-09-05 14:26:07 UTC,GitHub Trending,ok,10,
2026-09-06 00:19:54 UTC,HF Daily Papers,ok,11,today: 400 Client Error: Bad Request for url: https://huggingface.co/api/daily_papers?date=2026-09-06&sort=publishedAt
2026-09-06 00:19:54 UTC,arXiv,failed,1,"HTTPSConnectionPool(host='export.arxiv.org', port=443): Read timed out. (read timeout=20)"
2026-09-06 00:19:54 UTC,Hacker News,empty,0,
2026-09-06 00:19:54 UTC,Reddit,failed,1,403 Client Error: Blocked for url: https://www.reddit.com/r/MachineLearning/top.json?limit=10&t=day
2026-09-06 00:19:54 UTC,Lab Blogs,ok,30,partial failures: Perplexity (Discover Daily podcast): object has no attribute 'link'
2026-09-06 00:19:54 UTC,GitHub Trending,ok,10,
2026-09-06 02:57:32 UTC,HF Daily Papers,ok,11,today: 0 items parsed; raw response keys: <class 'list'>
2026-09-06 02:57:32 UTC,arXiv,failed,1,"HTTPSConnectionPool(host='export.arxiv.org', port=443): Read timed out. (read timeout=20)"
2026-09-06 02:57:32 UTC,Hacker News,empty,0,
2026-09-06 02:57:32 UTC,Reddit,failed,1,403 Client Error: Blocked for url: https://www.reddit.com/r/MachineLearning/top.json?limit=10&t=day
2026-09-06 02:57:32 UTC,Lab Blogs,ok,30,partial failures: Perplexity (Discover Daily podcast): object has no attribute 'link'
2026-09-06 02:57:32 UTC,GitHub Trending,ok,10,
2026-09-07 00:26:09 UTC,HF Daily Papers,ok,11,today: 0 items parsed; raw response keys: <class 'list'>
2026-09-07 00:26:09 UTC,arXiv,ok,10,
2026-09-07 00:26:09 UTC,Hacker News,empty,0,
2026-09-07 00:26:09 UTC,Reddit,failed,1,403 Client Error: Blocked for url: https://www.reddit.com/r/MachineLearning/top.json?limit=10&t=day
2026-09-07 00:26:09 UTC,Lab Blogs,ok,30,partial failures: Perplexity (Discover Daily podcast): object has no attribute 'link'
2026-09-07 00:26:09 UTC,GitHub Trending,ok,10,
2026-09-08 00:46:44 UTC,HF Daily Papers,ok,20,
2026-09-08 00:46:44 UTC,arXiv,ok,10,
2026-09-08 00:46:44 UTC,Hacker News,empty,0,
2026-09-08 00:46:44 UTC,Reddit,failed,1,403 Client Error: Blocked for url: https://www.reddit.com/r/MachineLearning/top.json?limit=10&t=day
2026-09-08 00:46:44 UTC,Lab Blogs,ok,30,partial failures: Perplexity (Discover Daily podcast): object has no attribute 'link'
2026-09-08 00:46:44 UTC,GitHub Trending,ok,10,
2026-09-09 00:47:51 UTC,HF Daily Papers,ok,20,
2026-09-09 00:47:51 UTC,arXiv,ok,10,
2026-09-09 00:47:51 UTC,Hacker News,empty,0,
2026-09-09 00:47:51 UTC,Reddit,failed,1,403 Client Error: Blocked for url: https://www.reddit.com/r/MachineLearning/top.json?limit=10&t=day
2026-09-09 00:47:51 UTC,Lab Blogs,ok,30,partial failures: Perplexity (Discover Daily podcast): object has no attribute 'link'
2026-09-09 00:47:51 UTC,GitHub Trending,ok,10,
2026-09-10 00:42:02 UTC,HF Daily Papers,ok,20,
2026-09-10 00:42:02 UTC,arXiv,ok,10,
2026-09-10 00:42:02 UTC,Hacker News,empty,0,
2026-09-10 00:42:02 UTC,Reddit,failed,1,403 Client Error: Blocked for url: https://www.reddit.com/r/MachineLearning/top.json?limit=10&t=day
2026-09-10 00:42:02 UTC,Lab Blogs,ok,30,partial failures: Perplexity (Discover Daily podcast): object has no attribute 'link'
2026-09-10 00:42:02 UTC,GitHub Trending,ok,10,
2026-09-11 00:38:08 UTC,HF Daily Papers,ok,20,
2026-09-11 00:38:08 UTC,arXiv,ok,10,
2026-09-11 00:38:08 UTC,Hacker News,empty,0,
2026-09-11 00:38:08 UTC,Reddit,failed,1,403 Client Error: Blocked for url: https://www.reddit.com/r/MachineLearning/top.json?limit=10&t=day
2026-09-11 00:38:08 UTC,Lab Blogs,ok,30,partial failures: Perplexity (Discover Daily podcast): object has no attribute 'link'
2026-09-11 00:38:08 UTC,GitHub Trending,ok,10,
